wikidata_id,name
Q1257968,3LänderBahn
Q279231,A. hartrodt
Q278858,A. Kirsten
Q15781102,A. Reich
Q278453,A.V.G. Ascherslebener Verkehrsgesellschaft
Q15869605,Aachen-Maastrichter Eisenbahn-Gesellschaft
Q300755,Aachener Straßenbahn und Energieversorgungs-AG
Q2246805,Abellio Deutschland
Q15781311,Abellio Rail Mitteldeutschland
Q318680,Abellio Rail NRW
Q383308,Afit
Q292722,AG Ruhr-Lippe-Eisenbahnen
Q393786,Agilis
Q124815385,Ahaus-Enscheder Eisenbahn
Q4651754,AHG Industry
Q402705,Ahrenkiel-Gruppe
Q109647908,AKE-Eisenbahntouristik
Q266805,AKN Eisenbahn GmbH
Q131914905,Alb-Bähnle Amstetten-Oppingen
Q896547,Albtal-Verkehrs-Gesellschaft
Q114810299,Allegra Deutschland
Q2648785,Allgemeine Deutsche Eisenbahn-Betriebs-GmbH
Q2648808,Allgemeine Flensburger Autobusgesellschaft
Q19834422,Aloys Baron
Q1475955,Alpina Bad Homburg
Q2651139,Alpina Rhein-Main
Q5390001,Altdamm-Colberger Eisenbahn-Gesellschaft
Q442857,Altmärkische Kleinbahn
Q477869,Amrumer Inselbahn
Q535314,Angelner Dampfeisenbahn
Q557332,Anklam-Lassaner Kleinbahn
Q125423783,Anklamer Verkehrsgesellschaft
Q569042,Ansbacher Bäder und Verkehr
Q589749,Anton Graf GmbH
Q120362838,ARGE Nahverkehrsgesellschaft Merzig-Wadern
Q647991,Argo Reederei
Q64212458,Arverio Baden-Württemberg
Q64212479,Arverio Bayern
Q30644989,Arverio Deutschland GmbH
Q757176,Atlas Levante-Linie
Q760183,Aug. Bolten Wm. Miller’s Nachfolger
Q760546,Augsburger Localbahn
Q760573,Augsburger Verkehrsgesellschaft
Q784956,Auto Webel
Q785650,Autobahnexpress
Q786165,Autobus Sachsen
Q786168,Autobus Sippel
Q786162,AutobusOberbayern
Q786975,Autokraft
Q790773,Aviaction
Q790816,Aviation Handling Services
Q129362818,Avocargo
Q795142,B.B.-Reisen
Q798769,Bad Schwalbacher Kurbahn
Q101228517,Bahnbetriebsgesellschaft Stauden
Q800264,BahnBus Hochstift
Q800344,Bahnen der Stadt Monheim
Q800345,Bahnen des Rhein-Wupper-Kreises
Q14531576,Bahntouristikexpress
Q808502,Barnimer Busgesellschaft
Q810412,Basler Personenschifffahrt
Q812251,Bayerische Ludwigsbahn
Q259805,Bayerische Oberlandbahn
Q812270,Bayerische Regiobahn
Q812272,Bayerische Regionaleisenbahn
Q181393,Bayerische Seenschifffahrt
Q15787250,Bayerische Zugspitzbahn Bergbahn
Q812354,Bayerischer Lloyd
Q812482,Bayern Express & P. Kühn Berlin
Q27767999,BayernBahn
Q70748884,Bayernbus
Q812501,Bayernhafen Gruppe
Q795530,BBC Chartering
Q15784930,BBL Logistik
Q813651,Beck+Schubert
Q795809,BEHALA
Q816230,Beluga Shipping
Q818256,Bentheimer Eisenbahn
Q793203,Berchtesgadener Land Bahn
Q821302,Berlin Linien Bus
Q821143,Berlin-Stettiner Eisenbahn-Gesellschaft
Q99633,Berliner Verkehrsbetriebe
Q832111,Betriebsvereinigung der Südwestdeutschen Eisenbahnen
Q857333,Bielefelder Kreisbahnen
Q862968,Billwerder Industriebahn
Q883376,Bleckeder Kleinbahn
Q883377,Bleckeder Kreisbahn
Q98455945,Bocholter Eisenbahngesellschaft
Q889060,Bochum-Gelsenkirchener Straßenbahnen
Q889679,Bodensee-Oberschwaben-Bahn
Q889686,Bodensee-Schiffsbetriebe
Q892747,Bonner Personen Schiffahrt
Q1801900,BördeBus Verkehrsgesellschaft
Q883555,Borkumer Kleinbahn
Q124737656,Borkumer Kleinbahn und Dampfschiffahrt
Q895503,BoxXpress.de
Q285410,Brandenburgisch-Afrikanische Compagnie
Q901849,Braunschweig-Schöninger Eisenbahn
Q901999,Braunschweiger Verkehrs-GmbH
Q902025,Braunschweigische Landes-Eisenbahn-Gesellschaft
Q3633200,Breisgau-S-Bahn GmbH
Q907307,Bremen-Mindener Schiffahrts-AG
Q907502,Bremenports
Q907798,Bremer Reedereien
Q907852,Bremer Staatsbahn
Q907975,BremerhavenBus
Q908048,Bremisch-Hannoversche Kleinbahn
Q908078,Bremische Hafeneisenbahn
Q2657565,BRH ViaBus
Q915184,Briese Schiffahrt
Q924755,Brodschelm Verkehrsbetrieb
Q995750,Bröltalbahn
Q797076,BT Berlin Transport
Q999875,Buckower Kleinbahn
Q1017245,Busbetrieb Josef Ettenhuber
Q1017663,Buss Group
Q64521188,Busservice Watzinger
Q1017813,Busverkehr Berlin
Q15790526,Busverkehr Gerd Schmidt
Q1017816,Busverkehr Märkisch-Oderland
Q1017817,Busverkehr Oder-Spree
Q1017819,Busverkehr Ostwestfalen
Q1017820,Busverkehr Rhein-Neckar
Q1017826,Busverkehr Ruhr-Sieg
Q70755001,Busverkehr Südbayern
Q1018224,Butzbach-Licher Eisenbahn
Q1018295,Buxtehude-Harsefelder Eisenbahn
Q151378,BVR Busverkehr Rheinland
Q1022387,C. A. Beug
Q1033911,cantus Verkehrsgesellschaft
Q812187,Captrain Deutschland CargoWest
Q1052172,CeBus
Q18289490,Ceena
Q1059951,Challenge Air
Q1069490,Chemnitz-Aue-Adorfer Eisenbahn-Gesellschaft
Q1069528,Chemnitz-Komotauer Eisenbahngesellschaft
Q1069551,Chemnitz-Riesaer Eisenbahn-Gesellschaft
Q1069565,Chemnitz-Würschnitzer Eisenbahngesellschaft
Q1069588,Chemnitzer Verkehrs-Aktiengesellschaft
Q131851967,Chiemgauer Lokalbahn
Q1093772,City-Bahn Chemnitz
Q16943373,City2City
Q1128722,Conti Reederei
Q1128863,Continentale Gesellschaft für elektrische Unternehmungen
Q266550,Cottbus-Großenhainer Eisenbahn-Gesellschaft
Q1136706,Cottbusverkehr
Q1151412,D. H. Wätjen und Co.
Q1157481,Dahme-Uckroer Eisenbahn
Q1158762,Dampfbahn Fränkische Schweiz
Q1158865,Dampfschiffahrts-Gesellschaft für den Nieder- und Mittelrhein
Q1158868,Dampfschifffahrts-Gesellschaft „Neptun“
Q1166424,Darmstadt-Dieburger Nahverkehrsorganisation
Q895850,DB AutoZug
Q834438,DB Bahn
Q17321078,DB Busverkehr Hessen
Q44353,DB Cargo
Q1152046,DB European Railservice
Q452140,DB Fernverkehr
Q122870674,DB InfraGO
Q896765,DB Netz
Q1152072,DB Projekt Verkehrsbau
Q1152070,DB ProjektBau
Q18853,DB Regio
Q19962170,"DB Regio AG, Regio Südwest"
Q1152077,DB Regio Allgäu-Schwaben
Q64504641,DB Regio Baden-Württemberg
Q1152076,DB Regio Bayern
Q1152116,DB Regio Bus Bayern
Q68308888,DB Regio Bus Mitte
Q26277121,DB Regio Bus Nord
Q19309329,DB Regio Bus Ost GmbH
Q1152078,DB Regio Franken
Q60894917,DB Regio Mitte
Q1152080,DB Regio Mittelfranken
Q62594047,DB Regio Nord
Q50300033,DB Regio Nordost
Q1152085,DB Regio Nordostbayern
Q1152084,DB Regio NRW
Q1152087,DB Regio Ostbayern
Q1152090,DB Regio Rheinland
Q1152091,DB Regio Südost
Q1152095,DB Regio Unterfranken
Q1152097,DB Regio Westfalen
Q26277119,DB Regionalverkehr Bayern GmbH
Q97685189,DB RegioNetz Infrastruktur GmbH
Q26277154,DB RegioNetz Verkehrs GmbH
Q552912,DB Schenker
Q17353485,DB Stadtverkehr
Q1152119,DB Station&Service
Q1152124,DB Vertrieb
Q1152130,DB ZugBus Regionalverkehr Alb-Bodensee
Q1183236,DeinBus.de
Q1184023,Delbus
Q71560891,Demmelmair
Q1185797,Demminer Verkehrsgesellschaft
Q1187203,Denim Airways
Q1196020,Der Niederlausitzer
Q1200893,Dessau-Radegast-Köthener Bahn
Q1200905,Dessauer Verkehrs- und Eisenbahngesellschaft
Q1200902,Dessauer Verkehrsgesellschaft
Q64521228,deuCon
Q9322,Deutsche Bahn
Q1152100,Deutsche Bahn Connect
Q1202283,Deutsche Dampfschiffahrtsgesellschaft Kosmos
Q1202329,Deutsche Eisenbahn-Betriebsgesellschaft
Q3024830,Deutsche Eisenbahn-Gesellschaft
Q1203578,Deutsche Museums-Eisenbahn
Q15712316,Deutsche Post Mobility
Q1204139,Deutsche Seereederei
Q1204143,Deutsche Segelschiff-Kontor
Q1204214,Deutsche Stiftung Sail Training
Q1204283,Deutsche Touring
Q1204308,Deutsche Umschlaggesellschaft Schiene-Straße
Q1153587,DHL Hub Leipzig
Q315339,Die Länderbahn
Q105840340,Die Linie
Q58045847,Dispo-Tf Rail
Q1271102,Döllnitzbahn
Q1250677,Dortmund-Märkische Eisenbahn
Q1250740,Dortmunder Eisenbahn
Q1258611,Dresdner Überland-Verkehr
Q446491,Dresdner Verkehrsbetriebe
Q1258598,Dresdner Vorortsbahn
Q1155773,DSW21
Q1264281,Duisburger Verkehrsgesellschaft
Q1264290,Duisport Rail
Q1272000,Dürener Eisenbahn
Q1272008,Dürener Kreisbahn
Q1272297,Düsseldorf-Elberfelder Eisenbahn-Gesellschaft
Q873154,E-Werk und Straßenbahn Tilsit
Q1273415,E.R. Schiffahrt
Q1281591,Eckernförder Kreisbahnen
Q99941848,EfW-Verkehrsgesellschaft
Q1297177,Egenberger Reisen
Q80418474,Eibsee-Verkehrsgesellschaft
Q1311329,Eisenbahn-Bau- und Betriebsgesellschaft Pressnitztalbahn
Q1311594,Eisenbahnen und Verkehrsbetriebe Elbe-Weser
Q1311648,Eisenbahngesellschaft Potsdam
Q1287194,Eisenbahninfrastrukturgesellschaft Aurich-Emden
Q64007240,Eisenbahnmuseum Würzburg
Q1311846,Eisenbahnnetzwerk Bremen-Niedersachsen
Q63434813,Eisenhüttenstädter Personennahverkehr
Q125458267,Eisenhüttenstädter Personnahverkehr
Q1325125,Elbe Saale Bahn
Q105732879,Elbferry GmbH & Co KG
Q1326417,Elektrische Bahnen der Stadt Bonn und des Rhein-Sieg-Kreises
Q1326571,Elektrizitäts-AG vormals W. Lahmeyer & Co
Q1339754,Emsländische Eisenbahn
Q1275312,END Verkehrsgesellschaft
Q22674548,enno
Q1275358,ENRW Energieversorgung Rottweil
Q1350200,Erfurter Bahn
Q1350238,Erfurter Verkehrsbetriebe
Q15808406,Erik Walther
Q1354909,erixx
Q1309147,Erlebnisbahn Ratzeburg
Q28870838,Erms-Neckar-Bahn
Q1359988,Ernst Russ
Q1360979,Ernstbahn
Q1366149,Erzgebirgsbahn
Q1367709,Eska Stiftlandkraftverkehr
Q1276275,Euregio Verkehrsschienennetz
Q589575,Eurobahn
Q1378688,Euskirchener Kreisbahnen
Q1378919,Eutin-Lübecker Eisenbahn
Q1341488,EWN Entsorgungswerk für Nuklearanlagen
Q1386304,F. A. Vinnen & Co.
Q1386354,F. Laeisz
Q1478781,Fähren Bremen–Stedingen
Q1393379,Fairplay Reederei
Q1396597,Farge-Vegesacker Eisenbahn
Q111461290,Farrenkopf-Reisen
Q1397514,Fass Reisen
Q63481300,Feldbahn am Technoseum
Q97940850,Feldbahnschauanlage Glossen
Q28870175,Fels Netz
Q1420324,Fischle
Q1428045,Flensburger Kreisbahn
Q130213579,Flex Bahndienstleistungen
Q15712258,Flix SE
Q1881378,FlixBus
Q55499626,Flixtrain
Q1438279,Forster Stadteisenbahn
Q1440270,Fr. Meyer’s Sohn
Q1418307,Frankfurt-Königsteiner Eisenbahn
Q1444998,Frankfurter Lokalbahn
Q1445049,Frankfurter Trambahn-Gesellschaft
Q1277101,Fränkische Museums-Eisenbahn
Q1450044,Franzburger Kreisbahnen
Q1399165,Freiberger Eisenbahn
Q881285,Freiburger Verkehrs AG
Q802425,Freien Grunder Eisenbahn
Q1457931,Friedrich-Wilhelms-Nordbahn-Gesellschaft
Q28870843,Friesoyther Eisenbahngesellschaft
Q15392129,Fritz Behrendt (Unternehmen)
Q111461273,Gehrig Touristik
Q15793112,Geißler Reisen
Q1502846,Geodis Wilson
Q317590,Georg Verkehrsorganisation
Q1514472,Gernrode-Harzgeroder Eisenbahn-Gesellschaft
Q1515104,Gersthofer Verkehrsgesellschaft
Q1518384,Gesellschaft der Pfälzischen Nordbahnen
Q1518522,Gesellschaft für Straßenbahnen im Saartal
Q1533359,Go.on Gesellschaft für Bus- und Schienenverkehr
Q1559811,Göttinger Kleinbahn
Q1559833,Göttinger Verkehrsbetriebe
Q1546455,Griensteidl (Unternehmen)
Q111190851,Grimm-Reisen GmbH
Q1547872,Groß Bieberau-Reinheimer Eisenbahn
Q317791,Großherzoglich Hessische Staatseisenbahnen
Q1562559,H. C. Horn
Q1562700,HADAG Seetouristik und Fährdienst
Q15112041,Haeger & Schmidt
Q812496,Hafen Aschaffenburg
Q1567757,Hafen- und Bahnbetriebe der Stadt Krefeld
Q1335185,Hagener Straßenbahn
Q1538090,Hal över
Q1570326,Halberstadt-Blankenburger Eisenbahn
Q1570338,Halberstädter Bus-Betriebe
Q15112073,Halberstädter Verkehrs-GmbH
Q1288005,Haller Busbetrieb
Q1571651,Hallesche Verkehrs-AG
Q1571722,Halligbahn Dagebüll–Oland–Langeneß
Q1278125,Halligbahn Lüttmoorsiel–Nordstrandischmoor
Q1471130,Hamburg-Altonaer Stadt- und Vorortbahn
Q1572759,Hamburg-Atlantic Linie
Q1572766,Hamburg-Bergedorfer Eisenbahn
Q15819114,Hamburg-Bremer Afrika-Linie
Q822867,Hamburg-Köln-Express
Q1573025,Hamburger Hafenbahn
Q6442,Hamburger Hochbahn AG
Q39487272,Hameister Personenverkehr
Q15819137,Hammonia Reederei
Q1574252,Hanauer Straßenbahn
Q26277251,Hanekamp Busreisen GmbH
Q1583615,Hansa Heavy Lift
Q1583623,Hansa Mare Reederei
Q1583648,Hansaport
Q22979891,Hanseatische Eisenbahn
Q96081170,Hanseatische Infrastrukturgesellschaft
Q1583712,Hanseatische Reederei Emil Offen & Co.
Q1583723,Hansebahn Bremen
Q819094,Hapag-Lloyd
Q1576783,Hapag-Lloyd Cruises
Q1585668,Harms Bergung
Q830772,Haru Reisen
Q481535,Harzer Schmalspurbahnen
Q1588022,Harzer Verkehrsbetriebe
Q1588472,Haslach Bus
Q79154694,Haussmann & Bauer
Q1562765,HAV Verkehrsbetriebsgesellschaft
Q1591492,Havelbus
Q1390047,Havelländische Eisenbahn
Q43402241,HEAG mobiBus GmbH & Co. KG
Q1563487,HEAG mobilo GmbH
Q43402515,HEAG mobiTram GmbH & Co. KG
Q54189803,Heavy Haul Power International
Q1594168,Heidenheimer Verkehrsgesellschaft
Q1324308,Heider Stadtverkehr
Q18287436,Heinrich Klingenberg
Q1602813,Hellertalbahn GmbH
Q1602815,Hellespont
Q1171058,Herforder Kleinbahn
Q1609810,Herforder Versorgungs- und Verkehrs-Beteiligungs-GmbH
Q1613528,Hermes Fulfilment
Q15815459,Herz-Reisen
Q1615784,Hessencourrier
Q896102,Hessische Landesbahn
Q111190886,Hettinger Reisen GmbH & Co. KG
Q2717914,Hetzler Busreisen
Q1660292,HGK Shipping
Q1618443,Hildesheim-Peiner Kreis-Eisenbahn-Gesellschaft
Q1621946,Hochlandexpress
Q110056300,HOFBUS GmbH
Q1623746,Hohenlimburger Kleinbahn
Q1596991,Hohenzollerische Landesbahn
Q20203757,Hörmann-Reisen
Q1628279,Horn-Linie
Q1651847,Hörseltalbahn
Q1529897,Hoyer Internationale Fachspedition
Q1565979,HSL Logistik
Q1633684,Hubschrauber Sonder Dienst
Q1532037,HVB Wiest + Schürmann
Q15712210,IC Bus
Q114723014,Ilmebahn
Q1659285,Ilztalbahn GmbH
Q15819993,Imfeld Busverkehr
Q1652183,In-der-City-Bus
Q1168357,Industriebahn AG
Q1662000,Industriebahn Berlin
Q1662006,Industriebahn Nievenheim-Zons
Q1662649,Infra fürth
Q1122564,Infra Infrastrukturgesellschaft Region Hannover GmbH
Q116868324,INGmobil
Q1663262,Ingolstädter Verkehrsgesellschaft
Q1261565,Inselbahn Baltrum
Q1321521,Inselbahn Fehmarn
Q1664453,Inselbahn Juist
Q1664454,Inselbahn Langeoog
Q1665356,Intalliance
Q15820233,IntEgro Verkehr
Q1667253,Internationale Gesellschaft für Eisenbahnverkehr
Q15820351,Intro Aviation
Q15819789,IOV Omnibusverkehr Ilmenau
Q1673846,Iserlohner Kreisbahn
Q872617,ITL Eisenbahngesellschaft
Q1678170,Jade-Dienst
Q1678482,Jagsttalbahn
Q1686811,Jenaer Nahverkehr GmbH
Q1676576,JES Verkehrsgesellschaft
Q1688479,Jet Connection
Q1688480,Jet Executive International Charter
Q1421258,Johann M. K. Blumenthal
Q1715166,Jöhnk Werft
Q1372336,Jozi-Reisen
Q1716853,Jülicher Kreisbahn
Q1721203,Kahlgrund Verkehrs-GmbH
Q64521885,Kamerun-Eisenbahn-Gesellschaft
Q1308576,Karl Schäfer Omnibusreisen
Q1735200,Kassel-Naumburger Eisenbahn
Q1735222,Kasseler Verkehrs- und Versorgungs-GmbH
Q1578639,Kasseler Verkehrs-Gesellschaft
Q1738564,Kemptener Verkehrsbetriebe
Q1739254,Kerkerbachbahn
Q1740948,Kiel–Schönberger Eisenbahn
Q55669364,Kieler Verkehrsaktiengesellschaft
Q1740976,Kieler Verkehrsgesellschaft
Q1746313,Kleinbahn Bremen–Tarmstedt
Q1746320,Kleinbahn Gommern–Pretzien
Q1746330,Kleinbahn Kiel-Segeberg
Q1746342,Kleinbahn Selters–Hachenburg
Q1247915,Kleinbahn Steinhelle–Medebach
Q1500298,Kleinbahn Unna–Kamen–Werne
Q1746303,Kleinbahn-AG in Genthin
Q1746357,Kleinbahnen der Kreise West- und Ostprignitz
Q1746358,Kleinbahnen des Kreises Jerichow I
Q1777704,Knöhr & Burchard
Q111461253,Knühl Reisen
Q1555633,Koblenzer Elektrizitätswerk und Verkehrs-AG
Q1778498,Kohlebahn Meuselwitz–Haselbach–Regis-Breitingen
Q1795880,Kölner Verkehrs-Betriebe
Q1779885,Kombiverkehr
Q1779744,KomBus
Q19593884,Kommunale Personennahverkehrsgesellschaft Eisenach
Q114054725,Kommunalverkehr Rhein-Nahe
Q1781018,Komrowski
Q1439662,Königlich Preußische Dampfschiffahrts-Gesellschaft
Q451124,Königlich Württembergische Staats-Eisenbahnen
Q1785065,Kosmos Bulkschiffahrt
Q1786022,Kraftverkehr Gebr. Wiedenhoff
Q1786023,Kraftverkehr Mundstock
Q1786029,Kraftverkehrsgesellschaft Braunschweig
Q1786032,Kraftverkehrsgesellschaft Dreiländereck
Q1786034,Kraftwagen-Verkehr Koblenz
Q1787182,Kreis Altenaer Eisenbahn
Q1787486,Kreis Ruhrorter Straßenbahn
Q1787611,Kreisbahn Aurich
Q28873929,Kreisbahn Mansfelder Land GmbH
Q1787616,Kreisbahn Norderdithmarschen
Q1787615,Kreisbahn Rathenow-Senzke-Nauen
Q1464382,Kreisbahn Siegen-Wittgenstein
Q28873935,Kreisverkehrs- und Infrastrukturbetrieb St. Wendel
Q1318132,Kreisverkehrsbetriebe Saarlouis
Q1787833,Kreisverkehrsgesellschaft Euskirchen
Q1787837,Kreisverkehrsgesellschaft in Pinneberg
Q1787834,Kreisverkehrsgesellschaft Meißen
Q1787838,Kreisverkehrsgesellschaft Mettmann
Q1787835,Kreisverkehrsgesellschaft Salzland
Q1787841,Kreiswerke Main-Kinzig
Q1736106,Kreuznacher Kleinbahnen
Q1406982,Kreuznacher Straßen- und Vorortbahnen
Q1758016,Kuckucksbähnel
Q1793083,Kurhessenbahn
Q39433984,Küstenbus
Q1381178,KVG Stade
Q28873936,Lammert-Reese
Q1711557,Landesbetrieb Verkehr
Q1632938,Landesverkehrsamt Brandenburg
Q113533069,Lange Tours
Q1805825,Lappwaldbahn
Q1805882,Larcher Touristik
Q15825562,Leipziger Eisenbahnverkehrsgesellschaft
Q884166,Leipziger Verkehrsbetriebe
Q1816818,Lembke & Koschick
Q1818362,Lenz & Co.
Q1818453,LeoBus
Q1819343,Leonhardt & Blumberg
Q1820103,Leppetalbahn
Q12013016,Levelink
Q15907354,Liniendienst von Joh. Ces. Godeffroy & Sohn
Q1826931,Linnhoff Schiffahrt
Q22674624,Locomore
Q1798238,LOCON Logistik & Consulting
Q131913030,Lokalbahn Amstetten-Gerstetten
Q105475165,Lokale Nahverkehrsgesellschaft Fulda
Q1565282,Lokomotion Gesellschaft für Schienentraktion
Q1798257,LOOK Busreisen
Q985151,Löwenberg-Lindow-Rheinsberger Eisenbahn
Q1880061,Lübbe Transport & Logistik
Q1285343,Lübeck-Bremer Dampfschiffahrtsgesellschaft
Q1880084,Lübeck-Büchener Eisenbahn
Q1748032,Lübeck-Segeberger Eisenbahn
Q1880096,Lübeck-Travemünder Verkehrsgesellschaft
Q1317507,Lüchow-Schmarsauer Eisenbahn
Q1875401,Ludwigsburger Verkehrslinien
Q1569789,Ludwigsluster Verkehrsgesellschaft
Q1409766,Lufttaxi Fluggesellschaft
Q1282470,Luftverkehrsgesellschaft Ruhrgebiet
Q1883929,Magdeburger Verkehrsbetriebe
Q113227748,Magdeburger Verkehrsgesellschaft
Q120491363,Main-Neckar-Eisenbahn-Gesellschaft
Q1367630,MainMobil
Q1885780,Mainzer Verkehrsgesellschaft
Q1891103,Mansfelder Bergwerksbahn
Q1899383,Maritime Circle Line
Q1957424,Märkisch-Posener Eisenbahn
Q1957436,Märkische Eisenbahngesellschaft
Q1957439,Märkische Museums-Eisenbahn
Q1957453,Märkische Verkehrsgesellschaft
Q1903399,Martin Becker (Verkehrsbetrieb)
Q79600987,Martin Geldhauser Omnibusunternehmenim Linien- und Reiseverkehr GmbH & Co. KG
Q1915678,Mecklenburg-Pommersche Schmalspurbahn
Q15834666,Mecklenburg-Vorpommersche Verkehrsgesellschaft
Q28053964,Mecklenburgische Bäderbahn Molli GmbH
Q1915712,Mecklenburgische Eisenbahngesellschaft
Q1747622,Mecklenburgische Friedrich-Wilhelm-Eisenbahn-Gesellschaft
Q1918107,Meininger Busbetrieb
Q121747274,Menath Transporte
Q15834884,Merseburger Überlandbahnen
Q265228,metronom Eisenbahngesellschaft
Q897181,Metropolitan
Q96472476,miabus Verkehrsgesellschaft mbH
Q1936388,Mindener Kreisbahnen
Q15835383,Mitteldeutsche Eisenbahn
Q114792862,Mittelfränkische Eisenbahnbetriebsgesellschaft
Q1940487,Mittelweserbahn
Q106886801,MKB-MühlenkreisBus
Q1941281,moBiel GmbH
Q96633585,mobus Märkisch-Oderland Bus
Q105529133,MOIA
Q1949071,Moselbahn GmbH
Q1949801,Motorbootgesellschaft Bodman
Q1022390,MSR Flug-Charter
Q1958760,Müller Busreisen
Q1958856,München-Augsburger Eisenbahn-Gesellschaft
Q63436869,Münchner Linien
Q456402,Münchner Verkehrsgesellschaft mbH (MVG)
Q1959090,Münster-Hammer Eisenbahn-Gesellschaft
Q76636429,Museum für feldspurige Industriebahnen Osnabrück-Piesberg
Q106839037,Museumseisenbahn Ammerland-Barßel-Saterland
Q1686099,Museumseisenbahn Hamm
Q76636182,Museumseisenbahn Hasetal
Q131198313,Museumseisenbahn Hümmlinger Kreisbahn
Q66307299,Museumseisenbahn Küstenbahn Ostfriesland
Q1963771,Nahverkehr Göttingen
Q1963773,Nahverkehr Hohenlohekreis
Q1231470,Nahverkehr Schwerin
Q43402669,Nahverkehr-Service GmbH
Q125271080,Nahverkehrsgesellschaft des Landkreises Gotha
Q133283147,Nahverkehrsgesellschaft Jerichower Land
Q1965938,Nassauische Kleinbahn
Q880836,Nassauische Staatsbahn
Q1965950,Nassauische Touristik-Bahn
Q1965954,Nassauische Verkehrs-GmbH
Q1997636,NBE nordbahn Eisenbahngesellschaft mbH & Co. KG
Q1647244,Neißeverkehr
Q558401,Netinera
Q1979679,Neue Pellwormer Dampfschiffahrtsgesellschaft
Q1699303,Neunkircher Verkehrs-Gesellschaft
Q1981648,Neusser Eisenbahn
Q875834,Neustadt-Dürkheimer Eisenbahn-Gesellschaft
Q1169616,NEW mobil und aktiv Mönchengladbach
Q1960042,NEW mobil und aktiv Viersen
Q1438506,Niederbarnimer Eisenbahn
Q1651552,Niederrheinische Verkehrsbetriebe
Q1988401,NiedersachsenBahn
Q1988453,Niederschlesische Verkehrsgesellschaft
Q105492413,NiO - Nahverkehr in Offenbach
Q314725,Nord-Ostsee-Bahn
Q1997402,Nord-Reederei
Q1997732,Norddeutsche Eisenbahngesellschaft Niebüll
Q1997787,Norddeutsche Reederei H. Schuldt
Q1544230,Norddeutsche Verkehrsbetriebe
Q478402,Nordhausen-Wernigeroder Eisenbahn-Gesellschaft
Q1998120,Nordic Rail Service
Q314293,NordWestBahn
Q612771,NSB Niederelbe Schiffahrtsgesellschaft
Q2009186,Oberbergische Verkehrsgesellschaft
Q2009431,Oberelbische Verkehrsgesellschaft Pirna-Sebnitz
Q2009804,Oberhavel Verkehrsgesellschaft
Q2009869,Oberhohndorf-Reinsdorfer Kohleneisenbahn
Q1696485,Oberlausitzer Eisenbahn
Q2010724,Oberrheinische Eisenbahn-Gesellschaft Aktiengesellschaft Mannheim
Q1375410,Ocholt-Westersteder Eisenbahngesellschaft
Q131862153,Öchsle Museumsschmalspurbahn
Q2014356,Odenwald-Regional-Gesellschaft
Q2095138,Offen Group
Q1639886,Offenbacher Verkehrs-Betriebe
Q2018609,Oldenburg-Portugiesische Dampfschiffs-Rhederei
Q1712071,Oldendorff Carriers
Q297031,Ölhandel- & Transportgesellschaft
Q68229462,Omnibus Bettighofer
Q2023443,Omnibus Dannenmann
Q84181974,Omnibus Melchinger
Q2023445,Omnibus Müller
Q67602987,Omnibus Neumeyr
Q2023439,Omnibus-Verkehr Aalen
Q2023441,Omnibus-Verkehr Ruoff
Q1500537,Omnibus-Verkehrs-Gesellschaft Bollmeyer
Q15837582,Omnibus-Verkehrsgesellschaft Heideland
Q1607156,Omnibusbetrieb Saalekreis
Q22674655,Omnibusbetrieb Sallwey
Q2023449,Omnibusbetriebe Beth
Q1254382,Omnibusverkehr Franken
Q2023455,Omnibusverkehr Göppingen
Q2023452,Omnibusverkehr Leupold
Q1320858,Omnibusverkehr Rhein-Nahe
Q15837581,Omnibusverkehr Zügel
Q2023461,Omnibusverkehrsgesellschaft Sonneberg
Q249341,Orion Reederei
Q882823,Ortenau-S-Bahn GmbH
Q802945,Oschersleben-Schöninger Eisenbahn-Gesellschaft
Q125915600,OSI4 UG
Q145188,Ostdeutsche Eisenbahn
Q131982026,Ostertalbahn
Q1423848,Ostmecklenburgische Eisenbahn
Q18288788,Ostprignitz-Ruppiner Personennahverkehrsgesellschaft
Q121863371,Ostprignitz-Ruppiner Personenverkehrsgesellschaft
Q2039792,Otto Lingner Verkehrs-GmbH
Q2023458,OVG Güstrow
Q2008259,OWL Verkehr
Q1239904,PaderSprinter
Q997158,PalatinaBus
Q1231567,Parkbahn
Q1590892,Paulinenaue-Neuruppiner Eisenbahn
Q68190818,Peiner Verkehrsgesellschaft
Q2071917,Perseus-Reisen
Q2072379,Personennahverkehrsgesellschaft Merseburg-Querfurt
Q2072383,Personenschifffahrt Bad Säckingen
Q15839992,Personenschifffahrt Gebr. Kolb
Q125490194,Personenverkehrsgesellschaft Altmarkkreis Salzwedel mbH
Q2072435,Personenverkehrsgesellschaft Burgenlandkreis
Q79964632,Personenverkehrsgesellschaft Weimarer Land
Q2074607,Peter Döhle Schiffahrts-KG
Q875494,Pfälzische Eisenbahnen
Q1539768,Pflieger Reise- und Verkehrs-GmbH + Co
Q2088491,Phoenix Air Service
Q1635879,Plauener Straßenbahn
Q1577065,Prenzlauer Kreisbahnen
Q2044566,PRG Personen- und Reiseverkehr Greiz
Q2109663,Prignitzer Eisenbahn AG
Q2109674,Prignitzer Eisenbahn GmbH
Q76632854,Prignitzer Kleinbahnmuseum Lindenberg
Q2116373,Publicexpress
Q2121117,Q-Bus Nahverkehrsgesellschaft
Q2124030,RAG-Bahn- und Hafenbetriebe (RBH)
Q2127642,Rail 4U
Q471436,Rail4captrain
Q59485167,RailAdventure
Q22674667,Raildox
Q15841622,Rainer Abicht Elbreederei
Q110880872,Ratschaisenträger
Q15841447,RBA Regionalbus Arnstadt
Q2797707,RbT Regiobahn Thüringen
Q39429087,rebus
Q2137456,Regensburger Verkehrsbetriebe
Q882263,Regentalbahn
Q2138130,Regio Air
Q2138134,Regio Infra Service Sachsen
Q2138150,Regiobahn Bitterfeld Berlin
Q2138160,Regiobahn GmbH
Q2138114,RegioBus Hannover
Q1404700,Regiobus Mittelsachsen
Q26905846,Regiobus Potsdam-Mittelmark
Q2138117,RegioInfra
Q2138207,Regional Bus Stuttgart
Q2138268,Regionalbahn Kassel
Q2138281,Regionalbus Augsburg
Q2138283,Regionalbus Braunschweig
Q15839993,Regionalbus Leipzig
Q1627932,Regionalbus Oberlausitz
Q2138285,Regionalbus Ostbayern
Q1358980,Regionalbus-Gesellschaft Unstrut-Hainich- und Kyffhäuserkreis
Q2138315,Regionale Verkehrsgesellschaft Dahme-Spreewald
Q2138477,Regionalverkehr Allgäu
Q2138481,Regionalverkehr Dresden
Q1682261,Regionalverkehr Erzgebirge
Q2138487,Regionalverkehr Hildesheim
Q151551,Regionalverkehr Köln
Q1732052,Regionalverkehr Kurhessen GmbH
Q2138488,Regionalverkehr Münsterland
Q2138493,Regionalverkehr Oberbayern
Q2138496,Regionalverkehr Ruhr-Lippe
Q65178145,Regionalverkehr Sächsische Schweiz-Osterzgebirge
Q1440690,Regionalverkehr Westsachsen
Q47004906,Regionalverkehre Start Deutschland
Q1670980,RegioNetz
Q56655788,RegioTram Gesellschaft
Q2141854,Reisebüro Eberhardt
Q133881002,Reisebüro Wöhrle
Q1591590,Reisedienst Dreßler
Q2141858,Reisedienst Meidenbauer
Q54791512,Reisedienst Nickel
Q2143873,Rendsburger Kreisbahn
Q2146701,Reutlinger Stadtverkehrsgesellschaft
Q1589720,Rhealys
Q2147443,Rhein-Erft-Verkehrsgesellschaft
Q2147463,Rhein-Haardtbahn GmbH
Q2147479,Rhein-Mosel Verkehrsgesellschaft
Q1650863,Rhein-Neckar-Verkehr
Q935929,Rhein-Sieg-Eisenbahn
Q2147511,Rhein-Sieg-Verkehrsgesellschaft
Q316236,Rheinbahn AG
Q1467247,RheinCargo
Q131897585,Rheiner Verkehrsbetriebe Mersch
Q2147642,Rheingau-Taunus-Verkehrsgesellschaft
Q2147710,Rheinisch-Bergische Eisenbahn-Gesellschaft
Q2147715,Rheinisch-Westfälische Straßen- und Kleinbahnen
Q26277879,Rheinland Busdienste GmbH
Q15842321,Rhenus Maritime Services
Q2148049,Rhenus Rail St. Ingbert
Q1121384,Rhenus Veniro
Q15842334,RhönEnergie Fulda
Q1747787,Rickmers Reederei
Q78483585,Rinteln-Stadthagener Eisenbahn-Gesellschaft
Q1583974,Rinteln-Stadthagener Verkehrs GmbH
Q2155991,Rob. M. Sloman
Q17591509,Robert Rattelmeier
Q1346072,Robert-Reisen
Q131904572,Rodachtalbahn
Q1291710,Rohde Verkehrsbetriebe
Q2179405,Röhler Stadt Bus
Q2179408,Röhler Touristik
Q14912661,Roland-Linie
Q2165234,Romonta
Q77041777,ROSA Tarifverbund
Q6718062,Rostocker Straßenbahn AG
Q2168296,Rotel Tours
Q2124483,RP-Eisenbahn
Q124809815,RSBNA Erms-Neckar-Bahn Schieneninfrastruktur
Q1668401,RSE Grundbesitz und Beteiligungs-GmbH
Q29613744,RTB Cargo
Q2203881,Rügener Personennahverkehrs GmbH
Q33026947,Ruhrbahn
Q2175122,RuhrtalBahn
Q1667713,Ruppiner Eisenbahn
Q895592,Rurtalbahn GmbH
Q2176750,Rurtalbus
Q75046437,Rurtalbus
Q2138484,RVE Regionalverkehr Euregio Maas-Rhein
Q1555798,RVG Regionalverkehr Gera/Land
Q2138491,RVN Regionalverkehr Niederrhein
Q12374454,S-Bahn Berlin GmbH
Q99869216,S-Bahn Hamburg GmbH
Q24010966,Saar-Mobil
Q1255363,Saar-Pfalz-Bus
Q279071,Saar-Pfalz-Mobil
Q2209114,Saarbahn GmbH
Q107568931,Saarbahn Netz GmbH
Q1582252,Saarbrücker Eisenbahn
Q68308523,Saarfürst-Reisen
Q1875668,Sabena Maintenance International
Q162694,Sächsisch-Böhmische Eisenbahngesellschaft
Q160404,Sächsisch-Oberlausitzer Eisenbahngesellschaft
Q2378451,Sächsische Dampfeisenbahngesellschaft
Q315016,Sächsische Dampfschiffahrt
Q1447457,Sächsische Provinzbahnen
Q2226188,Satra Eberhardt
Q2228390,SaxBus Eilenburger Busverkehr
Q1254047,SBB GmbH
Q2205287,SCANSCOT
Q2232047,Schaumburger Verkehrs-Gesellschaft
Q2232348,Schefenacker
Q110854042,Schieneninfrastruktur Ost-Niedersachsen
Q1466214,Schienenverkehrsgesellschaft
Q2234910,Schiffahrt der Inselgemeinde Langeoog
Q2238855,Schleifkottenbahn
Q2239238,Schleswig-Holstein-Bahn
Q1268175,Schlienz
Q2239737,Schlierseeschifffahrt
Q106814156,Schlünß Eisenbahn Logistik
Q1123751,Schmalspurbahn Gelnhausen–Lochborn
Q884702,Schmalspurbahn Wolkenstein–Jöhstadt
Q121444835,Schmetterling Reisen
Q1546795,Schrage Reisen
Q15846703,Schramm Group
Q2251523,Schulte & Bruns
Q2251538,Schulte Group
Q104903413,Schwäbische Alb-Bahn
Q131911852,Schwäbische Waldbahn
Q1700843,Schwarzer Reise- und Verkehrsbüro
Q1725178,Seereederei Frigga
Q66545513,Seitter Reise- und Verkehrsgesellschaft
Q2269882,Senator Aviation Charter
Q4356876,Senator Lines
Q2309987,Spiekerooger Inselbahn
Q1268788,Spreewaldbahn
Q2313555,Spremberger Stadtbahn
Q540495,Stadtbahn Rhein-Sieg
Q2326959,Stadtbus Bad Salzuflen
Q2326963,Stadtbus Bocholt
Q2326966,Stadtbus Bruchsal
Q2326971,Stadtbus Crailsheim
Q2326356,StadtBus Dormagen
Q1755436,Stadtbus Gmünd
Q2326980,Stadtbus Lemgo
Q2326991,Stadtbus Ravensburg Weingarten
Q18631061,Stadtbus Rottweil
Q2326987,Stadtbus Schwäbisch Hall
Q2359839,Städtebahn Sachsen
Q1651541,Städtische Straßenbahn Feuerbach
Q124061628,Städtische Straßenbahn Frankfurt am Main
Q2359969,Städtische Straßenbahnen Hamborn
Q2359982,Städtische Verkehrsbetriebe Zwickau
Q2360018,Städtischer Verkehrsbetrieb Esslingen am Neckar
Q18028113,StadtLandBus
Q2328317,Stadtverkehr Detmold
Q1791356,Stadtverkehr Euskirchen
Q2328325,Stadtverkehr Friedrichshafen
Q2328321,Stadtverkehr Hildesheim
Q2328330,Stadtverkehr Hürth
Q1672994,Stadtverkehr Maintal
Q2328340,Stadtverkehr Pforzheim
Q2328346,Stadtverkehr Tübingen
Q2328352,Stadtverkehrsgesellschaft Bergisch Gladbach
Q2328353,Stadtverkehrsgesellschaft Frankfurt (Oder)
Q15848840,Stadtwerk am See
Q2328419,Stadtwerke Aschaffenburg
Q15848841,Stadtwerke Bad Pyrmont
Q76754264,Stadtwerke Bamberg
Q812598,Stadtwerke Bayreuth Verkehr und Bäder GmbH
Q152186,Stadtwerke Bonn
Q1730210,Stadtwerke Brühl
Q15130172,Stadtwerke Emden
Q15848844,Stadtwerke Gießen
Q1681924,Stadtwerke Heilbronn
Q2328517,Stadtwerke Herrenberg
Q15848845,Stadtwerke Hünfeld
Q1266985,Stadtwerke Konstanz
Q15848846,Stadtwerke Langen
Q2328332,Stadtwerke Lübeck mobil
Q15848849,Stadtwerke Mühlheim am Main
Q15848850,Stadtwerke Neu-Isenburg
Q1498154,Stadtwerke Neumünster
Q2328572,Stadtwerke Neuss
Q15848851,Stadtwerke Oberursel
Q1114682,Stadtwerke Osnabrück
Q2516132,Stadtwerke Remscheid GmbH
Q15848854,Stadtwerke Rodgau
Q15130176,Stadtwerke Rottenburg am Neckar
Q2328607,Stadtwerke Rüsselsheim
Q2328641,Stadtwerke Uelzen
Q1754870,Stadtwerke Verkehrsgesellschaft Frankfurt am Main
Q2328656,Stadtwerke Wesseling
Q15848858,Stadtwerke Witzenhausen
Q1577332,Stadtwerke-Verkehrsgesellschaft Wilhelmshaven
Q2328685,Stadtwirtschaft Weimar
Q70747553,Stanglmeier Reisebüro-Bustouristik
Q100794941,Stauden-Verkehrs-Gesellschaft
Q2340215,Steinburger Linien
Q75274560,Steiner KG Omnibusbetrieb
Q61875530,Stendalbus
Q2342682,Stendaler Straßenbahn
Q114018,Stettiner Straßen-Eisenbahn Gesellschaft
Q1235690,STOAG Stadtwerke Oberhausen
Q2353405,Strandbahn Warnemünde–Markgrafenheide
Q1030448,Straßenbahn Celle
Q2354496,Straßenbahn Detmold
Q1674231,Straßenbahn Flensburg
Q2354553,Straßenbahn Herne–Castrop-Rauxel
Q1411089,Straßenbahn Magdeburg
Q671058,Straßenbahn Schleswig
Q638246,Straßenbahn Schöneiche bei Berlin
Q428288,Straßenbahn Woltersdorf
Q23786736,Stroh Bus Verkehrs GmbH
Q2359602,Stuttgarter Straßenbahnen
Q2377826,SÜC Bus & Aquaria
Q2380325,Süd-Thüringen-Bahn
Q187629,Südbadenbus
Q2380511,Südbrandenburger Nahverkehrs GmbH
Q1710037,Süddeutsche Eisenbahn-Gesellschaft
Q1660947,Südostbayernbahn
Q2381690,SüdwestBus
Q2208728,SWB Bus und Bahn
Q27649273,SWEG Bahn Stuttgart
Q124608127,SWEG Schienenwege GmbH
Q2381732,SWEG Südwestdeutsche Landesverkehrs-GmbH
Q2208780,SWK MOBIL
Q28484706,SWK Stadtwerke Kaiserslautern
Q2208766,SWK Stadtwerke Kaiserslautern Verkehrs-AG
Q1682499,SWS Nahverkehr
Q130236683,SWU Verkehr
Q2373944,Sylter Inselbahn
Q2373957,Sylter Verkehrsgesellschaft
Q2387470,Taeter Aachen
Q1344914,Taeter Tours
Q15850214,Team Lines
Q2383922,TEE Rail Alliance
Q15850284,Tegernsee-Bahn Betriebsgesellschaft
Q17127667,Teuto-Express
Q2407391,Teutoburger Wald-Eisenbahn
Q2420813,Thien & Heyenga
Q1645526,Thüringer Eisenbahn
Q132128047,Thüringerwaldbahn und Straßenbahn Gotha
Q1305176,Thüringische Eisenbahn-AG
Q282452,Thüringische Eisenbahn-Gesellschaft
Q2384271,THÜSAC Personennahverkehrsgesellschaft
Q46644435,To Europe
Q22694326,Torfbahn Himmelmoor
Q101072978,Tourismus und Warnetalbahn GmbH
Q107166547,Touristenbahnen im Rheinland
Q1660266,Traditionsbahn Radebeul
Q2447882,TraffiQ
Q2448583,Trampko
Q2448840,Trans regio
Q79876049,Transdev Hannover GmbH
Q2513189,Transdev Ostwestfalen
Q79876411,Transdev Regio GmbH
Q1382191,Transdev Regio Ost
Q2513198,Transdev Rhein-Main
Q23785338,Transdev Rheinland
Q878900,Transdev Sachsen-Anhalt
Q2449582,Transpetrol
Q114681206,Transwaggon GmbH
Q2384788,TRD-Reisen
Q113457508,TRD-Reisen Dresden
Q98848266,TRI Train Rental
Q2456622,Trusebahn
Q874494,TX Logistik
Q332669,Überlandwerk Fulda
Q2472939,Uckermärkische Verkehrsgesellschaft
Q1291848,Union Handels- und Schiffahrtsgesellschaft
Q1411861,Universal Transport
Q1567436,Unternehmensgruppe Eberhardt
Q1750263,Unterweser Reederei
Q314069,Usedomer Bäderbahn
Q265625,ÜSTRA Hannoversche Verkehrsbetriebe AG
Q2505122,V-Bus
Q1557682,VAG Verkehrs-Aktiengesellschaft Nürnberg
Q63718592,VBR - Verkehrsbetriebe und Servicegesellschaft mbH München
Q2511648,Vectus Verkehrsgesellschaft
Q2513959,Verband öffentlicher Verkehrsbetriebe
Q260433,Verein Deutscher Eisenbahnverwaltungen
Q113558786,Verein Sächsischer Eisenbahnfreunde e.V.
Q1505353,Vereinigte Kleinbahnen
Q2516004,Vering & Waechter
Q1449258,Verkehrs- und Betriebsgesellschaft Gera
Q2516117,Verkehrsbetrieb Potsdam
Q1451821,Verkehrsbetriebe Bachstein
Q798889,Verkehrsbetriebe Baden-Baden
Q2516127,Verkehrsbetriebe Bils
Q2516140,Verkehrsbetriebe Brandenburg an der Havel
Q2516128,Verkehrsbetriebe Extertal
Q2516130,Verkehrsbetriebe Grafschaft Hoya
Q72442500,Verkehrsbetriebe Hamburg-Holstein
Q644958,Verkehrsbetriebe Karlsruhe
Q1247628,Verkehrsbetriebe Kreis Plön
Q1558014,Verkehrsbetriebe Ludwigshafen
Q2516136,Verkehrsbetriebe Minden-Ravensberg
Q2516135,Verkehrsbetriebe Peine-Salzgitter
Q2516144,Verkehrsbetriebe Westfalen-Süd
Q2516147,Verkehrsbetriebe Wiesmoor
Q15852663,Verkehrsbetriebsgesellschaft Passau
Q2516259,Verkehrsgemeinschaft Villingen-Schwenningen
Q2516269,Verkehrsgesellschaft Bad Kreuznach
Q2516271,Verkehrsgesellschaft Belzig
Q2516273,Verkehrsgesellschaft Bergisches Land
Q2516274,Verkehrsgesellschaft Breitenbach
Q2516302,Verkehrsgesellschaft der Stadt Velbert
Q2516281,Verkehrsgesellschaft Ennepe-Ruhr
Q19310787,Verkehrsgesellschaft Gersprenztal
Q2516278,Verkehrsgesellschaft Görlitz
Q1779004,Verkehrsgesellschaft Hilden
Q2516295,Verkehrsgesellschaft Hoyerswerda
Q1170638,Verkehrsgesellschaft Idar-Oberstein
Q1693042,Verkehrsgesellschaft Kirchweihtal
Q1348739,Verkehrsgesellschaft Kreis Unna
Q2516284,Verkehrsgesellschaft Landkreis Osnabrück
Q2516287,Verkehrsgesellschaft Mecklenburg-Strelitz
Q2516288,Verkehrsgesellschaft Meißen
Q2516289,Verkehrsgesellschaft Mittelhessen
Q80700321,Verkehrsgesellschaft Norderstedt
Q2516293,Verkehrsgesellschaft Oberhessen
Q1505957,Verkehrsgesellschaft Oberspreewald-Lausitz
Q19310788,Verkehrsgesellschaft Prignitz
Q64223414,Verkehrsgesellschaft Start Unterelbe mbH
Q2516298,Verkehrsgesellschaft Südharz
Q1703093,Verkehrsgesellschaft Teltow-Fläming
Q1777393,Verkehrsgesellschaft Untermain
Q23787863,Verkehrsgesellschaft Vorpommern-Rügen
Q2516301,Verkehrsgesellschaft Zweibrücken
Q96633605,Verkehrsmanagement Elbe-Elster
Q2516286,Verkehrsservice Landkreis Nienburg/Weser
Q133283447,Verkehrsunternehmen Andreas Schröder
Q2516461,Verkehrsverband Hochtaunus
Q1801295,Verwaltungsgesellschaft des ÖPNV Sömmerda
Q1488744,Vestische Straßenbahnen
Q15852775,Vetter Verkehrsbetriebe
Q1668198,VHH PVG Unternehmensgruppe
Q2521686,Via Verkehrsgesellschaft
Q2521737,Vias (Unternehmen)
Q18536938,vlexx
Q1495786,Voigtländische Staatseisenbahn
Q2536385,Völklinger Verkehrsbetriebe
Q2532292,Volkswagen Konzernlogistik
Q123668171,Vorwohle-Emmerthaler Eisenbahn-Gesellschaft
Q123668179,Vorwohle-Emmerthaler Verkehrsbetriebe
Q2506624,VTG
Q1797667,Vulkan-Eifel-Bahn Betriebsgesellschaft
Q2539297,Wahl & Söhne
Q2541284,Waldeisenbahn Muskau
Q2548175,Wandsbeker Industriebahn
Q2548356,Wangerooger Inselbahn
Q2549307,Waried Tankschiff Rhederei
Q15638498,Washbay-Linie
Q106834604,Wedler Franz Logistik
Q126118366,Weihrauch Uhlendorff GmbH
Q2556862,Weiße Flotte (Stralsund)
Q15730868,Weisse Flotte Düsseldorf
Q2556852,Weisse Flotte Potsdam
Q2563132,Werne–Bockum-Höveler Eisenbahn
Q1386646,Werra-Eisenbahn-Gesellschaft
Q15854112,WerraBus
Q56644659,Weser Ems Eisenbahn
Q2563812,Weser-Ems-Bus
Q1754674,Weserbahn GmbH
Q2563865,Weserfähre Bremerhaven–Nordenham
Q2564097,West-Bus
Q1493743,WestEnergie und Verkehr GmbH
Q1247885,Westerwaldbahn GmbH
Q2024025,WestfalenBahn
Q2565118,Westfalenbus
Q1387245,Westfälische Almetalbahn
Q14523719,Westfälische Landes-Eisenbahn
Q2565273,Westfälische Verkehrsgesellschaft
Q1662213,Westfrankenbahn
Q2567287,WiBus
Q1501078,Wismut-Werkbahn
Q1678814,Wolfsburger Verkehrs GmbH
Q151357,wupsi GmbH
Q2596833,Württembergische Eisenbahn-Gesellschaft
Q2596855,Württembergische Nebenbahnen
Q1291006,Würzburger Versorgungs- und Verkehrs-GmbH
Q1563581,Wyker Dampfschiffs-Reederei Föhr-Amrum
Q184510,Zehlendorfer Eisenbahn
Q114795970,Zweckverband Romantische Schiene
Q83835,Schweizerische Bundesbahnen
Q20007080,SÜWEX
Q2541126,Waldbahn
Q19296997,National Express
Q705684,S-Bahn Rhein-Main
